0,Arithmancy,Astronomy,Herbology,Defense Against the Dark Arts,Divination,Muggle Studies,Ancient Runes,History of Magic,Transfiguration,Potions,Care of Magical Creatures,Charms,Flying
Count,1600.0,1600.0,1600.0,1600.0,1600.0,1600.0,1600.0,1600.0,1600.0,1600.0,1600.0,1600.0,1600.0
Std,49013.5,260.2894464246512,3.4690121044769087,-2.5893416144228647,4.624,-419.16429373366526,463.9183051467133,4.378175538816984,1045.5069962908478,5.874837348493016,-0.0448110498901474,8.780894559533115,97.6010874237569
Min,-24370.0,-966.7405456412164,-10.295662748653244,-10.16211940387396,-8.727,-1086.4968348887985,283.8696087336624,-8.858992991610515,906.6273196915248,-4.697483767872527,-3.313675764124477,-261.04892,-181.47
25%,38304.5,-488.1591914602585,-4.306213660550493,-5.2477194896937185,3.0759999999999996,-419.16429373366526,397.71164484567646,4.378175538816984,1026.4648504937775,3.6528276065546494,-0.6772373280177019,-250.6526,-41.870000000000005
50%,49013.5,262.8790266359946,3.445248695002249,-2.5481970851676508,4.624499999999999,-418.6531493710444,464.6813609199264,4.370475325968494,1045.5069962908478,5.891698640040783,-0.04935863121354375,-244.86776500000002,-2.5149999999999997
75%,60921.0,526.0152891942622,5.4160001868153,4.899437854647491,5.667250000000001,260.21028900778924,597.8530935517549,5.8021417113739275,1058.3129148414948,8.25759312522267,0.5829955088754564,-232.552305,50.56
Max,104956.0,1016.211940387396,11.612895082210851,9.667405456412162,10.032,1092.3886105728684,745.3962198761234,11.889712754042709,1098.9582005409077,13.53676212499442,3.0565457738978123,-225.42814,279.07
