0,Gryffindor,Hufflepuff,Ravenclaw,Slytherin
Count,327.0,529.0,443.0,301.0
Std,4153556.7759004,6978138.701179086,5667272.850900208,3881862.4466292546
Min,-158970.15837142966,-260637.4546791918,-208338.69820389984,-145922.1745544316
25%,-1535.968234761347,-2580.502982300033,1.680531429247282,-21166.82
50%,949.0167796682463,2554.753325756949,2159.7580000000003,-25.418410561561778
75%,159347.7367867157,206476.08609604216,209829.0337494777,2784.398521745256
Max,15620795.0,26229999.0,21311375.0,14565568.0
