0,Gryffindor,Hufflepuff,Ravenclaw,Slytherin
Count,327.0,529.0,443.0,301.0
Std,119661.00943337366,196016.46204311508,168378.5721400502,113610.650889289
Min,-158970.15837142966,-260637.4546791918,-208338.69820389984,-145922.1745544316
25%,-1549.0532032086435,-2872.459736725025,-439.5021014280644,-34657.00285
50%,452.02988066138784,2553.9629505107614,2141.7263931111493,-713.2177052807809
75%,86195.19919667892,53562.405774010535,54747.69616599014,1794.3882682516034
Max,304363.1027666087,547871.4498958811,454794.7442153561,306102.5211644004
