0,Gryffindor,Hufflepuff,Ravenclaw,Slytherin
Count:,83.0,140.0,114.0,63.0
Std:,46.86107799669716,56.3360692770936,45.83568419729505,30.89191139293298
Min:,-59.206522654510565,-64.4896355702959,-40.806244864420705,-41.73773917126423
25%:,-42.96339524496161,-30.40879341207953,7.42106204337839,-27.03599872746476
50%:,-21.43213573143651,-9.11998550425957,52.60433350359425,4.185243590401907
75%:,46.7591565322861,30.577197232192226,81.81377400330146,23.853619667797496
Max:,63.47919244203781,124.02275550544924,98.37671111125105,55.51881606186335
